id,uri,preview,title,genres,artists,artistsIds,albumTitle,albumId,image,albumReleaseYear,duration,key,mode,timeSignature,acousticness,danceability,energy,instrumentalness,liveness,loudness,speechiness,valence,tempo
0Dz9zyx2w3zYtRK6yp3VKD,spotify:track:0Dz9zyx2w3zYtRK6yp3VKD,https://p.scdn.co/mp3-preview/5fad6b5f3c568114695be6bf4fa51288c6892d62?cid=61a9bb7d5c7b4b0993b2a4af35e647a3,SESSO OCCASIONALE,italian adult pop | italian pop,Tananai,35V1WomiedCJeGfupcPm7s,SESSO OCCASIONALE,51lcCxrqnkTxRLbmbL7KX6,https://i.scdn.co/image/ab67616d00004851dcb40d24910a8513988aa183,2022,195923,0,1,4,0.00725,0.647,0.857,0,0.0608,-4.23,0.0654,0.659,130.007
35BICD5dEJLVicj9cV0jhe,spotify:track:35BICD5dEJLVicj9cV0jhe,https://p.scdn.co/mp3-preview/d324954b1b4bab936c6a096295c585b901caa7d9?cid=61a9bb7d5c7b4b0993b2a4af35e647a3,MADE IN ITALY,italian hip hop | italian pop,Rosa Chemical / Bdope,"5gYADZXuZoaJwrwfAPbKuH,3SGb7Dlm2pmV7qIQHUzRtB",MADE IN ITALY,0miArJPcQRJwlfZ6OGs2WJ,https://i.scdn.co/image/ab67616d00004851e30c970e8abb7c9906ab7c0c,2023,178080,11,0,4,0.0642,0.709,0.897,0,0.26,-4.561,0.106,0.839,124.913
3ZcpVnBJguv1WVeMG44i2M,spotify:track:3ZcpVnBJguv1WVeMG44i2M,https://p.scdn.co/mp3-preview/4e5a79ce6b8ee0cb7c5ca43d6610d0944c70f8b2?cid=61a9bb7d5c7b4b0993b2a4af35e647a3,AUTODISTRUTTIVO,,LA SAD,1y5nSaw0Am7fIEDAkrfgjY,AUTODISTRUTTIVO,1M06XJqOcsMo0kCroZzl0q,https://i.scdn.co/image/ab67616d000048514630d4228903642e74d901ee,2024,189495,8,1,4,0.0529,0.488,0.774,0,0.198,-6.099,0.0408,0.614,154.954
6RrHjDbTT8ibYqSBsZbmRA,spotify:track:6RrHjDbTT8ibYqSBsZbmRA,https://p.scdn.co/mp3-preview/c95bfec55a5d586dd1733a7dd40c292965c71137?cid=61a9bb7d5c7b4b0993b2a4af35e647a3,"Rolls Royce (feat. Boss Doms, Frenetik&Orang3)",italian adult pop | italian hip hop | italian pop | brostep | edm | italian indie pop,Achille Lauro / Boss Doms / Frenetik&Orang3,"0lI3rF4hi4op6UxqlLHPzv,57aMHpsX2SXTbLatmeEd6j,2lkP8239tkwRjg5N7d2D0w",1969 - Achille Idol Rebirth,0zMH1I8EZPPGYAzxZ9H0gU,https://i.scdn.co/image/ab67616d00004851d7d1c841048a5776dd5405c4,2020,173345,9,1,4,0.00582,0.643,0.922,0,0.643,-3.907,0.0641,0.308,141.913
6i5wWtpeDVUBBMDpnYiWr5,spotify:track:6i5wWtpeDVUBBMDpnYiWr5,https://p.scdn.co/mp3-preview/d6aab8aa666531246c8da9a221dc99798f5c5ec8?cid=61a9bb7d5c7b4b0993b2a4af35e647a3,ORA,italian pop,AIELLO,5bxbPQo0VkFgZKemF0YKb4,MERIDIONALE,4lLsYPaIKGLiBodfEk2Wmd,https://i.scdn.co/image/ab67616d000048519f0f65a0bcd6d31b6298f74b,2021,180895,1,0,4,0.444,0.661,0.527,0,0.163,-5.777,0.104,0.188,116.456
5pFKuNJdKLyMceZuopqVFF,spotify:track:5pFKuNJdKLyMceZuopqVFF,https://p.scdn.co/mp3-preview/a20ce8b1864eda7da9a294bf9e1f8127c3304052?cid=61a9bb7d5c7b4b0993b2a4af35e647a3,L'Isola Delle Rose,italian hip hop | italian pop,BLANCO,1MRiIeZbc0cRuxOafDUCtH,L'Isola Delle Rose,0dedUKXYTEmxuhkF5yZPj3,https://i.scdn.co/image/ab67616d00004851c77de98c2bb79b1291c32792,2023,187398,6,0,4,0.00304,0.254,0.796,0,0.112,-2.975,0.06,0.352,86.483
6v2eWAtpP4WDrxRDAG9FwL,spotify:track:6v2eWAtpP4WDrxRDAG9FwL,https://p.scdn.co/mp3-preview/62166061ef11742908093ac95b1d7d5de2545e2c?cid=61a9bb7d5c7b4b0993b2a4af35e647a3,Sincero (feat. Morgan),italian alternative | italian indie pop,Bugo / Morgan,"01U4yWwtUKMckbI55OiT7g,6RUY9TXdPIoeOExtd9twr0",Sincero (feat. Morgan),1N1j43lLEbPtcH2agEYos7,https://i.scdn.co/image/ab67616d00004851a7586027a25a4b23e644d8a1,2020,223427,10,1,4,0.00427,0.642,0.843,0,0.186,-5.131,0.0327,0.538,118.037
7FaYvAjTufP8jQ2KGBEepy,spotify:track:7FaYvAjTufP8jQ2KGBEepy,https://p.scdn.co/mp3-preview/f5904c15f6dcfc7cac06ef800912d2c8066b28da?cid=61a9bb7d5c7b4b0993b2a4af35e647a3,Il ballo del qua qua,,Romina Power,2ZUY3LkHAoSiPSO7tXNwZM,I Grandi Successi - Ihre großen Erfolge,1hWa7uSfzYd6wrduJZZMp3,https://i.scdn.co/image/ab67616d00004851b9007ff3ca300ce10c46fb34,1997,170467,0,1,4,0.548,0.633,0.767,0,0.133,-8.053,0.209,0.909,177.2
3Ls9yKzshQye18Tx2AvOb6,spotify:track:3Ls9yKzshQye18Tx2AvOb6,https://p.scdn.co/mp3-preview/0eccb4a125d56d2926b4ed6d8a94ea8be6958cf4?cid=61a9bb7d5c7b4b0993b2a4af35e647a3,90MIN,italian hip hop | italian pop | italian underground hip hop | rap sardegna,Salmo,3hBQ4zniNdQf1cqqo6hzuW,Playlist,5F6r4JU7TdqI8YOWzj6Fyn,https://i.scdn.co/image/ab67616d0000485182a568fd0ee2837ac243f05e,2018,231920,1,1,4,0.0253,0.549,0.765,0,0.855,-5.138,0.309,0.513,122.002
5QcKmCvGDbMvbJQZh75YVd,spotify:track:5QcKmCvGDbMvbJQZh75YVd,https://p.scdn.co/mp3-preview/5820a93eb2ad4663ed0e4cfd376b42cfdb8e4298?cid=61a9bb7d5c7b4b0993b2a4af35e647a3,Duecentomila ore,spanish pop,Ana Mena,6k8mwkKJKKjBILo7ypBspl,Duecentomila ore,7DZEFakK4SfIg3IbnVNta5,https://i.scdn.co/image/ab67616d00004851b83b551f9610143b86a276cd,2022,180238,9,0,4,0.0202,0.736,0.678,0,0.155,-4.889,0.0475,0.518,125.982
2AzbPKN2Vf3CUukNZGnjYx,spotify:track:2AzbPKN2Vf3CUukNZGnjYx,https://p.scdn.co/mp3-preview/83761e3b6b33461c2a157ff88222e3055cd9e935?cid=61a9bb7d5c7b4b0993b2a4af35e647a3,MOSTRO,emo trap italiana | italian pop,gIANMARIA,3lxINiPO2Mtk6VqtUSd5t1,MOSTRO,21aHeeZe4eCanYhoAPuiaX,https://i.scdn.co/image/ab67616d00004851bdc34eebe24d77f179665a0b,2023,175826,3,1,4,0.194,0.718,0.581,0,0.114,-5.686,0.0573,0.688,114.896
1V2a2DuJin9eKoyNrdVb1z,spotify:track:1V2a2DuJin9eKoyNrdVb1z,https://p.scdn.co/mp3-preview/b46c6fa4d9a2f0887a874679c1e6652db79de9f0?cid=61a9bb7d5c7b4b0993b2a4af35e647a3,Via dei ciclamini,classic italian pop,Orietta Berti,6W7O7oseXcbYLoiarQrpOw,"Orietta Berti: Il meglio..., Vol. 2",0z2vrthF4lliNBOWgm5Sga,https://i.scdn.co/image/ab67616d00004851296bd9687cd1eb55c6723f01,2000,137927,5,1,4,0.622,0.749,0.678,0,0.294,-6.753,0.0342,0.938,130.047
6134tdWf6qjAGgQs1xJRyA,spotify:track:6134tdWf6qjAGgQs1xJRyA,https://p.scdn.co/mp3-preview/2f0eb6f5e4976c65c50c027ce5c08d51868226c9?cid=61a9bb7d5c7b4b0993b2a4af35e647a3,Una Vita In Vacanza,italian adult pop | italian alternative | italian indie pop | italian pop,Lo Stato Sociale,1MBjY2JFotAGoTYDfO80cM,Primati,5zbqOeGsHkqezYWdjl4VpQ,https://i.scdn.co/image/ab67616d00004851b94f544584a7371e03341a3a,2018,233947,10,1,4,0.135,0.641,0.923,0,0.097,-4.138,0.103,0.663,135.016
0h4ul0Jzc9p1Velq08gAbH,spotify:track:0h4ul0Jzc9p1Velq08gAbH,https://p.scdn.co/mp3-preview/df844dc4830c45756bbc3442b38eddc0f2d9d14e?cid=61a9bb7d5c7b4b0993b2a4af35e647a3,Me Ne Frego,italian adult pop | italian hip hop | italian pop,Achille Lauro,0lI3rF4hi4op6UxqlLHPzv,1969 - Achille Idol Rebirth,0zMH1I8EZPPGYAzxZ9H0gU,https://i.scdn.co/image/ab67616d00004851d7d1c841048a5776dd5405c4,2020,221438,4,1,4,0.00614,0.559,0.911,0,0.159,-4.821,0.109,0.455,136.941
00aZI3Ds8liGrcqEetsEYf,spotify:track:00aZI3Ds8liGrcqEetsEYf,https://p.scdn.co/mp3-preview/8da8dbe46e7dd3b6fc47398337071cbef9cb1f39?cid=61a9bb7d5c7b4b0993b2a4af35e647a3,COMINCIA TU (feat. Rosa Chemical),italian adult pop | italian pop | italian hip hop,Tananai / Rosa Chemical,"35V1WomiedCJeGfupcPm7s,5gYADZXuZoaJwrwfAPbKuH",COMINCIA TU (feat. Rosa Chemical),4gv0l18cRn8WKpn84WeY8U,https://i.scdn.co/image/ab67616d00004851530049b6f856cd426d6643b1,2022,149196,9,0,4,0.0295,0.694,0.682,0,0.644,-4.735,0.0651,0.798,112.028
6cYGvHEO8IQaNYXZQWxcCi,spotify:track:6cYGvHEO8IQaNYXZQWxcCi,https://p.scdn.co/mp3-preview/5b827bd21c8ffc49a09c173d69d199ff7c59bfb3?cid=61a9bb7d5c7b4b0993b2a4af35e647a3,Gigante,classic italian pop | italian adult pop,Piero Pelù,6gTrPTTb3XgiLt7GGcmf8j,Gigante,7zXPkBobwFH1DO7zILMFmO,https://i.scdn.co/image/ab67616d00004851b29861744d35ee7674db2b2f,2020,220640,4,1,4,0.00424,0.614,0.901,0,0.141,-4.677,0.0533,0.662,115.984
43xFiEIXdNCbvLrHnDlKSc,spotify:track:43xFiEIXdNCbvLrHnDlKSc,https://p.scdn.co/mp3-preview/65b5782d1de37eeb6236e6d7479b88a5d7e80188?cid=61a9bb7d5c7b4b0993b2a4af35e647a3,Alla Mia Età,italian adult pop | italian pop,Tiziano Ferro,11TplWqOPQBTmg2eiSLt1m,Alla Mia Età,3N4MScsa0qCfg0ffZVl7wj,https://i.scdn.co/image/ab67616d0000485142eb7ed4d285b6900980dd6f,2008,213067,1,1,4,0.46,0.534,0.679,0,0.146,-3.936,0.0366,0.346,141.861
17j76Q3fmROd2eL4M7Vira,spotify:track:17j76Q3fmROd2eL4M7Vira,https://p.scdn.co/mp3-preview/de4d252bd0f0563e92251113536b9fd5eb687e51?cid=61a9bb7d5c7b4b0993b2a4af35e647a3,Ringo Starr,bergamo indie | italian indie pop | italian pop | milan indie,Pinguini Tattici Nucleari,6RdcIWVKYYzNzjQRd3oyHS,Ringo Starr,7Li84Fi6QLiE5SAlsruDwS,https://i.scdn.co/image/ab67616d00004851ee38a5893019e5fc5483c00a,2020,183333,4,0,4,0.304,0.754,0.925,0,0.313,-2.912,0.0512,0.857,114.077
1eIS75JS5rfbJpSu6ZC9EO,spotify:track:1eIS75JS5rfbJpSu6ZC9EO,https://p.scdn.co/mp3-preview/3863d8f050e115b604208b44e3555c3a85312eaa?cid=61a9bb7d5c7b4b0993b2a4af35e647a3,VOCE,italian hip hop | italian pop | trap italiana,Madame,1vgQksyJ0IVz8y9XerEOy3,VOCE,4vkLfhpx6NCW76ZVXAjKTZ,https://i.scdn.co/image/ab67616d00004851e11c912717c44faa0c59b0ca,2021,211411,8,1,4,0.105,0.615,0.834,0,0.157,-5.471,0.0667,0.341,112.602
0jLeyuu6mtsD384054xLah,spotify:track:0jLeyuu6mtsD384054xLah,https://p.scdn.co/mp3-preview/925044836c1f9d31fc6a6d469539bc97b02b2035?cid=61a9bb7d5c7b4b0993b2a4af35e647a3,Ciao Ciao,indie siciliano | italian alternative | italian indie pop | italian pop,La rappresentante di lista,0YmQyGKpZgGSDxsC8iEGQU,Ciao Ciao,0pK7UNY1nXMQeeJKiAZMMj,https://i.scdn.co/image/ab67616d000048510f1c471dae67e1626c9fd385,2022,184311,4,0,4,0.125,0.747,0.819,0.00000261,0.331,-4.602,0.134,0.637,117.994
2OEmJmOt0TAaP7yNRtKgs3,spotify:track:2OEmJmOt0TAaP7yNRtKgs3,https://p.scdn.co/mp3-preview/456de7c1dd64cdaa9563ec523b225acdecbebf36?cid=61a9bb7d5c7b4b0993b2a4af35e647a3,"I bambini fanno ""ooh...""",,Povia,0WlhdxsGZnXSyxJW9CLLpp,Evviva i pazzi...,0W50gGuMCpIczaUM1hc54g,https://i.scdn.co/image/ab67616d000048514e006fdc7d8fc8f3265eb5e5,2005,215680,11,1,4,0.414,0.67,0.643,0,0.0684,-6.179,0.0326,0.684,79.997
524euygKKFWurhvIdSrkg6,spotify:track:524euygKKFWurhvIdSrkg6,https://p.scdn.co/mp3-preview/0aca2ac82645cc588a3caeba1a63143f2670d828?cid=61a9bb7d5c7b4b0993b2a4af35e647a3,I Tuoi Particolari,italian adult pop | italian pop,Ultimo,3hN3iJMbbBmqBSAMx5veDa,I Tuoi Particolari,6sbV5tigkQuCteprgk9pwd,https://i.scdn.co/image/ab67616d00004851eb12468f227184cd4b65337f,2019,219939,0,1,4,0.632,0.659,0.588,0,0.124,-5.682,0.063,0.297,135.884
3nNxdeQX9iFeuosMcFEeDd,spotify:track:3nNxdeQX9iFeuosMcFEeDd,https://p.scdn.co/mp3-preview/ce97d5837f82b8dc68cd77058a21888a257a6e09?cid=61a9bb7d5c7b4b0993b2a4af35e647a3,INSUPERABILE,italian hip hop | italian pop,Rkomi,056KMTw6IztdQjBmFfVyO3,TAXI DRIVER,6et3LALeDMavQqtIn2AC3Z,https://i.scdn.co/image/ab67616d000048517801dd18b44e258fe6f2f636,2022,172462,4,0,4,0.0344,0.667,0.848,0,0.183,-5.195,0.0851,0.84,122.035
3yWHQ4n4ARLDfYTuT2NhnN,spotify:track:3yWHQ4n4ARLDfYTuT2NhnN,https://p.scdn.co/mp3-preview/0b796d33007829bdf579d9498aaef01e577be765?cid=61a9bb7d5c7b4b0993b2a4af35e647a3,BABY GODDAMN,italian adult pop | italian pop,Tananai,35V1WomiedCJeGfupcPm7s,BABY GODDAMN,6bOKRuocPC83OuQDrRIklj,https://i.scdn.co/image/ab67616d000048515a25f715856db0ed1e5593cd,2021,149605,10,0,4,0.0317,0.819,0.764,0.0000273,0.0579,-3.311,0.1,0.885,114.033
3FVa0R2evbgjVOd3bejudr,spotify:track:3FVa0R2evbgjVOd3bejudr,https://p.scdn.co/mp3-preview/bd1e840c198ce6b662c8b097bf157b5122e4bbcf?cid=61a9bb7d5c7b4b0993b2a4af35e647a3,Dove Si Balla,italian adult pop | italian hip hop | italian pop | milan indie | r&b italiano,Dargen D'Amico,7muPB2GhV0sEg2K1Fgj0Xm,Dove Si Balla,5iTNhsNPt2pesmEDZlcphf,https://i.scdn.co/image/ab67616d00004851bc7a69dc59ab4e53d2b8c511,2022,198082,0,1,4,0.176,0.592,0.603,0,0.123,-5.403,0.0933,0.437,145.94
4LAWJfQbfeMrlX0ShqhC2a,spotify:track:4LAWJfQbfeMrlX0ShqhC2a,https://p.scdn.co/mp3-preview/2098056ffb2d3835e59f29c4ceb21c2d05204465?cid=61a9bb7d5c7b4b0993b2a4af35e647a3,Musica leggerissima,indie siciliano | italian adult pop | italian alternative | italian indie pop | italian pop,Colapesce / Dimartino,"2KX2VLr3Eu6sn6EtxzCtvf,1k3zqz5SgrYCE0wpcfJX3g",I Mortali²,2PrT5iXmTLdobJUjgn5pNZ,https://i.scdn.co/image/ab67616d00004851b94d4938b5e09f77aa6e088e,2021,236720,2,0,4,0.012,0.676,0.792,0,0.262,-4.1,0.0265,0.674,119.98
0OHD6Ask31KqVqxge0OwlG,spotify:track:0OHD6Ask31KqVqxge0OwlG,https://p.scdn.co/mp3-preview/15e6d146515427bc07489ced318a04a59f3bb909?cid=61a9bb7d5c7b4b0993b2a4af35e647a3,Vieni nel mio cuore,italian adult pop | italian pop,Ultimo,3hN3iJMbbBmqBSAMx5veDa,Vieni nel mio cuore,1p7JI6emkhorl489KhhiQV,https://i.scdn.co/image/ab67616d0000485102e9fd3110140adbd2fc982d,2022,172762,1,1,4,0.248,0.677,0.66,0,0.177,-7.104,0.0462,0.253,127.087
2cf1g08CvDuhwXFqxjetQi,spotify:track:2cf1g08CvDuhwXFqxjetQi,https://p.scdn.co/mp3-preview/3b98aabcf02f7173a3cda324f52a57dfaa12020e?cid=61a9bb7d5c7b4b0993b2a4af35e647a3,Rapide,italian adult pop | italian pop,Mahmood,06nvjg4wBANK6DCHjqtPNd,Rapide,40tgSHlPNeumzdzLxaN9xC,https://i.scdn.co/image/ab67616d00004851fcd013adf8f0f6fba71dc3be,2020,243625,0,1,4,0.357,0.442,0.557,0,0.11,-7.77,0.0711,0.124,119.48
6eFnl12ERRV0loHiO3kdAI,spotify:track:6eFnl12ERRV0loHiO3kdAI,https://p.scdn.co/mp3-preview/d8421faa3695e3d4e8b9a2642399b9417bcffe4c?cid=61a9bb7d5c7b4b0993b2a4af35e647a3,Amici come prima,italian adult pop | italian pop,Paola & Chiara,6sXWE3eSY59H6zy1tiRPue,Anni 90,6GNprzbtFfJVZYZbq7ZSqj,https://i.scdn.co/image/ab67616d0000485147df9ca4c87f921d460cc889,2013,247000,7,1,3,0.00674,0.495,0.583,0,0.0904,-5.942,0.0268,0.282,149.817
00QN58Gx571pB1MEuBAcmL,spotify:track:00QN58Gx571pB1MEuBAcmL,https://p.scdn.co/mp3-preview/6bd1b23a24bcf764e25bd31aa4d6b1e955d9ab7f?cid=61a9bb7d5c7b4b0993b2a4af35e647a3,Parlami,emo rap italiano | italian hip hop | italian pop | pop virale italiano,Fasma / GG,"1hM06YHQ635cZwwUbn7dpk,0kbBijEWCi7FWrBpnpOcHd",Parlami,1XWrPc7GoTh1vQ5WAd575N,https://i.scdn.co/image/ab67616d000048519b7f3d5963a55c9ef527e115,2021,169181,9,1,4,0.255,0.548,0.919,0,0.0984,-5.348,0.19,0.385,165.942
1qBKrPkpVNu11W4tjY88Gj,spotify:track:1qBKrPkpVNu11W4tjY88Gj,https://p.scdn.co/mp3-preview/16c81da92f1afceed58da302d7c9f1f3c07984e9?cid=61a9bb7d5c7b4b0993b2a4af35e647a3,Per Tutte Le Volte Che...,italian adult pop,Valerio Scanu,6YqnuGUFh2n0bnLdxpszxE,Per Tutte Le Volte Che...,75d3bNl0ruuqr5tAnJoBJW,https://i.scdn.co/image/ab67616d0000485119edb79e8aa265fd10fde922,2010,238080,6,1,4,0.495,0.619,0.536,0,0.117,-7.015,0.0407,0.135,124.059
2UaTiaxdp9uaRb6fMy8qpR,spotify:track:2UaTiaxdp9uaRb6fMy8qpR,https://p.scdn.co/mp3-preview/f5a8aac3d75d57f6821c17bbfd4addf5134550ab?cid=61a9bb7d5c7b4b0993b2a4af35e647a3,Virale,italian pop,Matteo Romano,5Imsy0ZXNi7uWLJpP5dZ8b,Virale,0rSZMkAo12juM5issAjerT,https://i.scdn.co/image/ab67616d000048515e9b2c319f73ee8ea25d130f,2022,184560,7,0,4,0.0306,0.651,0.569,0,0.104,-5.821,0.0439,0.547,137.895
2r73nMR6Lm2kJSwEe5JlBs,spotify:track:2r73nMR6Lm2kJSwEe5JlBs,https://p.scdn.co/mp3-preview/bc85639c3d068926275cefd55d01fc2249278273?cid=61a9bb7d5c7b4b0993b2a4af35e647a3,MILLE – feat. Orietta Berti,italian adult pop | italian hip hop | italian pop | classic italian pop,Fedez / Achille Lauro / Orietta Berti,"3pgCLfNbw5ozIfoNsvDU7i,0lI3rF4hi4op6UxqlLHPzv,6W7O7oseXcbYLoiarQrpOw",DISUMANO,3kg7VTOPL8oFCHvMaYtsVU,https://i.scdn.co/image/ab67616d00004851850dcd3e7ad61dc56c425490,2021,175924,2,1,4,0.016,0.527,0.764,0,0.0273,-4.297,0.322,0.829,184.339
0iBY803rcJUKZRjSxKX9GD,spotify:track:0iBY803rcJUKZRjSxKX9GD,https://p.scdn.co/mp3-preview/9189068fa49455786f89c6c6a9795d7fcab5cc55?cid=61a9bb7d5c7b4b0993b2a4af35e647a3,Miele,italian adult pop | italian pop,Giusy Ferreri,0dwEXtB6gceh7EO7tCsxhD,Miele,41Iz0BztCjd62pFNxq6gUW,https://i.scdn.co/image/ab67616d00004851c1889581081ac1149088acb6,2022,173817,0,0,4,0.368,0.762,0.583,0,0.109,-5.981,0.0894,0.783,93.97
0HyDNYQmQ3obfA81D3y9tG,spotify:track:0HyDNYQmQ3obfA81D3y9tG,https://p.scdn.co/mp3-preview/4cc86a23bb138ef1d05c592cfcf4796bdcba1f11?cid=61a9bb7d5c7b4b0993b2a4af35e647a3,La genesi del tuo colore,italian adult pop | italian pop,Irama,5iot8OPcosJN9nCl7I5SdK,La genesi del tuo colore,7eIyCeIG5Y0v4Be4mhV2vu,https://i.scdn.co/image/ab67616d000048512ee15194eed8c6d0d6876ec8,2021,228984,6,0,4,0.0254,0.527,0.75,0,0.108,-5.449,0.11,0.38,128.006
22p4qZqzdy1BOtaxWC7NPX,spotify:track:22p4qZqzdy1BOtaxWC7NPX,https://p.scdn.co/mp3-preview/2889e48d8d10264f5a6b205f9980c74ef0fcd239?cid=61a9bb7d5c7b4b0993b2a4af35e647a3,NO GRAZIE,italian hip hop | italian pop,JUNIOR CALLY,215ciYy7TIYnGRim0I1nJ3,NO GRAZIE,7BPmgqaXSlAFbay3TPvWks,https://i.scdn.co/image/ab67616d00004851d7866b4b7b8925b2a574732f,2020,177000,7,1,4,0.224,0.765,0.743,0,0.21,-5.743,0.253,0.751,129.861
0ZqHo6eTBHUcOVjZzPvftT,spotify:track:0ZqHo6eTBHUcOVjZzPvftT,https://p.scdn.co/mp3-preview/8c88cb4bc1f7806947b4a387a2da1eb0c68a65e0?cid=61a9bb7d5c7b4b0993b2a4af35e647a3,CHIAMAMI PER NOME,italian adult pop | italian pop,Francesca Michielin / Fedez,"4jFlmD92WULLlaRS8Cj6QS,3pgCLfNbw5ozIfoNsvDU7i",CHIAMAMI PER NOME,6Q4QCwk7I4Ox4rsKpsQY8O,https://i.scdn.co/image/ab67616d00004851d6b725434a6904c6de444c36,2021,222667,10,1,4,0.289,0.641,0.636,0,0.125,-4.318,0.0414,0.285,89.826
1nND6VDerwJxLaUwVVCp28,spotify:track:1nND6VDerwJxLaUwVVCp28,https://p.scdn.co/mp3-preview/85f7afa86d75a72d9dbdb6bd6b3477fbfbe95a1b?cid=61a9bb7d5c7b4b0993b2a4af35e647a3,SUPEREROI,italian adult pop | italian pop,Mr.Rain,59MLbXG0jLVwJup3KAd6m1,SUPEREROI,54YVUZvEjuGMyVSyLwPPdn,https://i.scdn.co/image/ab67616d00004851b6f87af8918ce1d7988c4712,2023,195000,1,1,4,0.228,0.47,0.619,0,0.26,-7.617,0.0514,0.453,136.083
0Y5wPtrrDx8Z7leLqYbF6F,spotify:track:0Y5wPtrrDx8Z7leLqYbF6F,https://p.scdn.co/mp3-preview/72342a9bdc044f7c8642cb9ce8244f666b73f26f?cid=61a9bb7d5c7b4b0993b2a4af35e647a3,Italia amore mio,italian tenor | classic italian pop,Luca Canonici / Pupo / Emanuele Filiberto,"5EPuE5AnmS2tOrgNEmd47b,6LjwPhoH3RDoL8JoXciUHL,5i2qgL9Q4eV4K3uIPYBygd",Italia amore mio,1XBGjZaXqq3zdUs4MzIcc4,https://i.scdn.co/image/ab67616d00004851fbd6e3155d76433b6f675213,2013,217600,7,0,4,0.675,0.409,0.495,0.0000192,0.176,-7.503,0.0358,0.335,153.561
5U3ln41nbhztweY70Mv5b3,spotify:track:5U3ln41nbhztweY70Mv5b3,https://p.scdn.co/mp3-preview/427fe14f143dc8f6181f0f829296504954fdf076?cid=61a9bb7d5c7b4b0993b2a4af35e647a3,Per sentirmi vivo,emo rap italiano | italian hip hop | italian pop | pop virale italiano,Fasma / GG,"1hM06YHQ635cZwwUbn7dpk,0kbBijEWCi7FWrBpnpOcHd",Per sentirmi vivo,5owbVnzLpbq9SlftvHXjTa,https://i.scdn.co/image/ab67616d0000485114b0dac4988c44da130a45a4,2019,179080,2,1,4,0.17,0.573,0.722,0,0.11,-5.02,0.252,0.198,168.441
5HujDMiRNqZwEzVAh3oFD3,spotify:track:5HujDMiRNqZwEzVAh3oFD3,https://p.scdn.co/mp3-preview/6144e9eabaad5a6bef075a56ab6adadd6790a0df?cid=61a9bb7d5c7b4b0993b2a4af35e647a3,farfalle,italian pop,sangiovanni,7dL0nOHwnSAsNAwpkPSGWP,farfalle,1WCDSnckeIERycPR36vEiZ,https://i.scdn.co/image/ab67616d00004851760c37576f01b38fdd1ae7b5,2022,164000,3,1,4,0.0927,0.733,0.784,0,0.195,-5.211,0.0606,0.377,120.016
5utTysnfjm6t7nj8PFxbJv,spotify:track:5utTysnfjm6t7nj8PFxbJv,https://p.scdn.co/mp3-preview/e22873eed41efc834667c4dcdf9aba0d8c180125?cid=61a9bb7d5c7b4b0993b2a4af35e647a3,Fiumi di parole,italian pop rock,Jalisse,054JyPM8Bn73hEcZVkqNAH,The Best of Jalisse,4Q3qYrLJuE8Qfqs09N8GMC,https://i.scdn.co/image/ab67616d0000485129830a89c0965debab1d5fb5,2016,231497,7,1,4,0.514,0.528,0.811,0,0.123,-5.393,0.0454,0.739,179.974
3SZjnwkF1LEzWQ66cNGWMw,spotify:track:3SZjnwkF1LEzWQ66cNGWMw,https://p.scdn.co/mp3-preview/33494b5a9243b9ba6dfa67a00bf44a66b616f938?cid=61a9bb7d5c7b4b0993b2a4af35e647a3,Anima Mia,classic italian pop,I Cugini Di Campagna,1obSSj73e45bEKQ9UAHeFz,Cantaitalia,42Yajhzi7i8E0UPdZPGmQM,https://i.scdn.co/image/ab67616d000048513ebd2ab48a6c262d044c0a98,2000,254259,4,1,4,0.784,0.264,0.401,0.000686,0.068,-10.458,0.0325,0.132,126.822
7AM28iUrHSXsAM5pV8Rncj,spotify:track:7AM28iUrHSXsAM5pV8Rncj,https://p.scdn.co/mp3-preview/58ccc00e348febefc6fd35fc9b33f32ec4bc3e96?cid=61a9bb7d5c7b4b0993b2a4af35e647a3,Musica (E Il Resto Scompare),italian pop,Elettra Lamborghini,3o7fC2O4nraaicpID6bBZW,Musica (E Il Resto Scompare),1UlnSSjhvGryfnIadPtx2U,https://i.scdn.co/image/ab67616d00004851ccd8f21e9497522445ba0f07,2020,194606,0,1,4,0.0217,0.779,0.835,0,0.393,-4.04,0.134,0.922,114.987
6xi3h1i3nNA38apSSeFsoP,spotify:track:6xi3h1i3nNA38apSSeFsoP,https://p.scdn.co/mp3-preview/e74d74871b396e0398da6bdcb57d56bf9d432bc3?cid=61a9bb7d5c7b4b0993b2a4af35e647a3,"Guagliune (feat. Enzo Dong, Ivan Granatino, Lele Blade & Samurai Jay)",canzone napoletana | italian adult pop | italian pop | italian hip hop | rap napoletano | neomelodici | trap italiana,Gigi D'Alessio / Enzo Dong / Lele Blade / Ivan Granatino / Samurai Jay,"4eSMsVzRJHhN1aq0IvZcyn,7iCdyOeJYk06mKJ6nLrFQ6,3yGA8yyowtKVXgNIXguMfz,1SNHwWqiB25NsRd6YKoWng,2n0Ki4A5tKTEloq3WCt1IH","Guagliune (feat. Enzo Dong, Ivan Granatino, Lele Blade & Samurai Jay)",31JmpNbDCyOGYYQJqZJS5K,https://i.scdn.co/image/ab67616d0000485185e3982188496ac4ee09d43b,2021,178047,11,0,4,0.252,0.724,0.816,0,0.108,-5.041,0.0526,0.679,106.005
1ZMGp9MTXbtAPvcKa0U3zS,spotify:track:1ZMGp9MTXbtAPvcKa0U3zS,https://p.scdn.co/mp3-preview/5a5a7bf599969472be806f2e0ee87968d1f27fba?cid=61a9bb7d5c7b4b0993b2a4af35e647a3,Brividi,italian hip hop | italian pop | italian adult pop,Mahmood / BLANCO,"06nvjg4wBANK6DCHjqtPNd,1MRiIeZbc0cRuxOafDUCtH",Brividi,06ZMpecsvvoHGWJHlc2St7,https://i.scdn.co/image/ab67616d0000485140c172c54696d8e6028c019f,2022,199146,7,1,4,0.448,0.523,0.614,0,0.254,-4.435,0.0347,0.342,122.962
29cDz9LLpr0qOur3ZkhNsg,spotify:track:29cDz9LLpr0qOur3ZkhNsg,https://p.scdn.co/mp3-preview/3a943764acbb584f5efb2180fc1a54f85d1698d3?cid=61a9bb7d5c7b4b0993b2a4af35e647a3,Vamos a bailar (Esta vida nueva) - Festivalbar Cut,italian adult pop | italian pop,Paola & Chiara,6sXWE3eSY59H6zy1tiRPue,Television,7hWTCPQdbBHLSthL1nQ3Ti,https://i.scdn.co/image/ab67616d00004851744166904bf26916fd0bb06b,2000,245373,2,0,4,0.0683,0.669,0.902,0.00000865,0.107,-5.013,0.0379,0.515,116.021
1lWWoec2z1j88GRblI5anV,spotify:track:1lWWoec2z1j88GRblI5anV,https://p.scdn.co/mp3-preview/66a3aeee020695c603ee3dffcf05bfb829dad788?cid=61a9bb7d5c7b4b0993b2a4af35e647a3,ZITTI E BUONI,indie rock italiano | italian pop,Måneskin,0lAWpj5szCSwM4rUMHYmrr,ZITTI E BUONI,3DBUrkaKptFY2JSKpfukiy,https://i.scdn.co/image/ab67616d000048517a3ab8bd64a0952e452ec799,2021,192655,4,0,4,0.0014,0.62,0.944,0,0.733,-3.082,0.0863,0.592,103.024
7sXTcibuNYugjjYNfgf2kY,spotify:track:7sXTcibuNYugjjYNfgf2kY,https://p.scdn.co/mp3-preview/99a310a201557e7c0ae7659b00fc4f91be7206ed?cid=61a9bb7d5c7b4b0993b2a4af35e647a3,Felicità,classic italian pop,Al Bano And Romina Power,1c0wBsDBu0NqpvxBqjYjZS,Felicità,6rYKh2EVXdWs5Pe8MugvSM,https://i.scdn.co/image/ab67616d00004851228264ef165a3de1041d0c22,1982,193160,0,1,4,0.489,0.71,0.625,0,0.439,-8.587,0.0402,0.814,107.618
1lMuQJHBznRfq7GdQrIQN4,spotify:track:1lMuQJHBznRfq7GdQrIQN4,https://p.scdn.co/mp3-preview/f9fdeb7471f32754278cbdc1a9d82dc3087ffbb5?cid=61a9bb7d5c7b4b0993b2a4af35e647a3,Música Ligera,spanish pop,Ana Mena,6k8mwkKJKKjBILo7ypBspl,Música Ligera,77APd2Q91Ju6844akH2Xbj,https://i.scdn.co/image/ab67616d0000485111a7578c7782d0a58be6dec8,2021,235996,5,0,4,0.0891,0.695,0.752,0,0.227,-4.681,0.0281,0.633,120.031
4szQkW1CDHqbRZGltXJdd3,spotify:track:4szQkW1CDHqbRZGltXJdd3,https://p.scdn.co/mp3-preview/af2dd87a2f63aaf30419752b7c7d2dad00098253?cid=61a9bb7d5c7b4b0993b2a4af35e647a3,Soldi,italian adult pop | italian pop,Mahmood,06nvjg4wBANK6DCHjqtPNd,Gioventù Bruciata,66vkclmRoFqj4IYEnKGKPU,https://i.scdn.co/image/ab67616d00004851c60b6ec17dcd820b3b6cd380,2019,195133,3,0,4,0.0361,0.729,0.589,0,0.305,-9.871,0.0483,0.349,95.065
3MjUtNVVq3C8Fn0MP3zhXa,spotify:track:3MjUtNVVq3C8Fn0MP3zhXa,https://p.scdn.co/mp3-preview/174e01719c3b06ee1437cb13f892e539df14b6d1?cid=61a9bb7d5c7b4b0993b2a4af35e647a3,...Baby One More Time,dance pop | pop,Britney Spears,26dSoYclwsYLMAKD3tpOr4,...Baby One More Time (Digital Deluxe Version),3WNxdumkSMGMJRhEgK80qx,https://i.scdn.co/image/ab67616d000048518e49866860c25afffe2f1a02,1999,211067,0,0,4,0.202,0.759,0.699,0.000131,0.443,-5.745,0.0307,0.907,92.96
0K0V1bTu8UeFpmKyxtMpvi,spotify:track:0K0V1bTu8UeFpmKyxtMpvi,https://p.scdn.co/mp3-preview/b429d3e8603c64615ea4404c3b099e1fa84a6a77?cid=61a9bb7d5c7b4b0993b2a4af35e647a3,Non Succederà Più (feat. M¥SS KETA),italian pop | italian indie pop,Elettra Lamborghini / M¥SS KETA,"3o7fC2O4nraaicpID6bBZW,594PwrFy2mmLueuUwUgoCM",Twerking Queen,2rpii4znNQrqSjbSb5Muea,https://i.scdn.co/image/ab67616d000048513b87e60161fb6595e30acb88,2020,193533,6,0,4,0.00292,0.657,0.791,0,0.105,-4.587,0.0347,0.679,141.038